<assembly xmlns="http://maven.apache.org/plugins/maven-assembly-plugin/assembly/1.1.3" xmlns:xsi="http://www.w3.org/2001/XMLSchema-instance"
	xsi:schemaLocation="http://maven.apache.org/plugins/maven-assembly-plugin/assembly/1.1.3 http://maven.apache.org/xsd/assembly-1.1.3.xsd">
	<id>package</id>
	<formats>
		<format>tar.gz</format>
	</formats>
	<includeBaseDirectory>false</includeBaseDirectory>
	<dependencySets>
		<dependencySet>
			<outputDirectory>lib</outputDirectory>
			<useProjectArtifact>false</useProjectArtifact>
			<unpack>false</unpack>
			<scope>runtime</scope>
		</dependencySet>
	</dependencySets>
	<fileSets>
		<fileSet>
			<directory>${project.basedir}/../web/target</directory>
			<outputDirectory>/lib</outputDirectory>
			<includes>
				<include>*.jar</include>
			</includes>
		</fileSet>
		<fileSet>
			<directory>${project.basedir}/../web/src/main/resources</directory>
			<outputDirectory>/config</outputDirectory>
			<excludes>
				<exclude>mapping/</exclude>
			</excludes>
			<includes>
				<include>**/*</include>
			</includes>
		</fileSet>
		<fileSet>
			<directory>${project.basedir}/../web/src/main/webapp</directory>
			<outputDirectory>/config</outputDirectory>
			<includes>
				<include>**/*</include>
			</includes>
		</fileSet>
		<fileSet>
			<directory>${project.basedir}/../web/shell</directory>
			<outputDirectory>/</outputDirectory>
			<includes>
				<include>**/*</include>
			</includes>
		</fileSet>
	</fileSets>
</assembly>